system:index,mean,site_code,.geo
00000000000000000000,0.3755955855693304,Site 001,"{""type"":""Polygon"",""coordinates"":[[[-111.94229843894763,40.820167469524044],[-111.94395912407978,40.81998838018667],[-111.94548759353076,40.81946537045376],[-111.94676216383633,40.81864007933992],[-111.9476813751511,40.817578209807166],[-111.94817206871458,40.8163642957537],[-111.94819520702208,40.81509497028091],[-111.94774897443571,40.813871271969205],[-111.94686891354186,40.81279060212261],[-111.9456250889502,40.81193897321117],[-111.94411650648205,40.81138416504002],[-111.94246323312494,40.811170332552024],[-111.9407968447481,40.811314493524],[-111.93924996036615,40.81180517497769],[-111.93794569362122,40.81260332573164],[-111.93698785866397,40.81364542267195],[-111.93645270825907,40.81484852417007],[-111.93638286122682,40.816116869338195],[-111.9367839034809,40.817349498725854],[-111.9376239352483,40.81844829043402],[-111.93883610305276,40.81932577205323],[-111.94032391717624,40.81991208614783],[-111.94196893260116,40.82016055399744],[-111.94229843894763,40.820167469524044]]]}"
00000000000000000001,0.324779315753352,Site 003,"{""type"":""Polygon"",""coordinates"":[[[-111.9534016005707,40.84659210236675],[-111.95506294771917,40.84641301301828],[-111.95659202645648,40.84589000325553],[-111.9578671047962,40.84506471210242],[-111.95878668244798,40.844002842533214],[-111.95927757150486,40.842788928457516],[-111.95930071892977,40.84151960298362],[-111.95885430839392,40.840295904692304],[-111.95797389667845,40.83921523488122],[-111.95672957633401,40.83836360600934],[-111.95522039264043,40.83780879786942],[-111.95356646042121,40.837594965394636],[-111.95189940795814,40.83773912635764],[-111.95035190709312,40.83822980778299],[-111.94904712051591,40.83902795849807],[-111.94808890374854,40.84007005540111],[-111.94755353995984,40.84127315687519],[-111.94748366498327,40.842541502040014],[-111.94788486699159,40.84377413144613],[-111.94872523352623,40.84487292318876],[-111.94993788448086,40.84575040484768],[-111.95142629167712,40.846336718974854],[-111.95307196286886,40.84658518683972],[-111.9534016005707,40.84659210236675]]]}"
00000000000000000002,0.15674218691722624,Site 004,"{""type"":""Polygon"",""coordinates"":[[[-112.00309828181136,40.84895988502615],[-112.00475968832293,40.84878079567667],[-112.006288821695,40.848257785911244],[-112.00756394559019,40.84743249475461],[-112.00848355609146,40.846370625182146],[-112.00897446267825,40.84515671110445],[-112.00899761092072,40.84388738563046],[-112.00855118442813,40.842663687340966],[-112.00767074125444,40.84158301753307],[-112.00642637645579,40.84073138866473],[-112.00491713885025,40.84017658052761],[-112.0032631475508,40.83996274805401],[-112.00159603553902,40.84010690901621],[-112.00004847939391,40.840597590439025],[-111.99874364620328,40.84139574115062],[-111.99778539519895,40.84243783805032],[-111.99725001227611,40.84364093952224],[-111.99718013479375,40.84490928468677],[-111.99758135112727,40.846141914094545],[-111.99842174768051,40.84724070584026],[-111.99963444195927,40.848118187502735],[-112.00112290233645,40.84870450163284],[-112.00276863233087,40.84895296949906],[-112.00309828181136,40.84895988502615]]]}"
00000000000000000003,0.14507966385835266,Site 005,"{""type"":""Polygon"",""coordinates"":[[[-112.02850178051284,40.783188144487816],[-112.03016154067969,40.783009055165955],[-112.03168915883936,40.7824860454748],[-112.03296301932262,40.78166075441585],[-112.03388171879344,40.78059888493405],[-112.03437213921465,40.77938497091168],[-112.0343952647833,40.778115645440415],[-112.03394928082685,40.77689194710022],[-112.03306971009894,40.77581127720398],[-112.03182657817013,40.77495964823724],[-112.0303188357307,40.7744048400224],[-112.02866648293195,40.77419100751596],[-112.02700102241259,40.774335168500464],[-112.02545499937723,40.77482584999378],[-112.02415145893892,40.77562400080207],[-112.02319415744454,40.776666097794475],[-112.02265930517818,40.7778691993262],[-112.02258949718954,40.77913754449896],[-112.0229903162359,40.78037017386081],[-112.02382988026844,40.781468965520794],[-112.0250413730183,40.78234644708448],[-112.02652835850395,40.78293276113355],[-112.0281724576953,40.783181228961816],[-112.02850178051284,40.783188144487816]]]}"
00000000000000000004,0.2680276384211832,Site 009,"{""type"":""Polygon"",""coordinates"":[[[-111.97019903423903,40.846271047090916],[-111.97186037333883,40.846091957742566],[-111.97338944466853,40.84556894798019],[-111.97466451683164,40.84474365682755],[-111.97558409002957,40.843681787258795],[-111.97607497670967,40.84246787318336],[-111.97609812402374,40.84119854770949],[-111.97565171565137,40.83997484941792],[-111.97477130820113,40.8388941796064],[-111.97352699388397,40.83804255073403],[-111.97201781749999,40.83748774259375],[-111.97036389329111,40.837273910118796],[-111.96869684890187,40.837418071081906],[-111.96714935553196,40.8379087525076],[-111.96584457527479,40.838706903223155],[-111.9648863631494,40.839749000126645],[-111.964351001955,40.84095210160102],[-111.96428112731816,40.84222044676589],[-111.96468232738421,40.84345307617177],[-111.9655226898488,40.844551867913985],[-111.96673533492938,40.84542934957243],[-111.96822373491517,40.846015663699205],[-111.9698693981342,40.846264131563885],[-111.97019903423903,40.846271047090916]]]}"
00000000000000000005,0.19439402172795717,Site 022,"{""type"":""Polygon"",""coordinates"":[[[-111.98610018859561,40.834449970198236],[-111.98776123143786,40.83427088085486],[-111.98929003010709,40.83374787110583],[-111.99056487492089,40.832922579970756],[-111.99148428418012,40.83186071041831],[-111.99197508337537,40.83064679635283],[-111.99199822660931,40.829377470879436],[-111.99155189787076,40.82815377257876],[-111.99067164741598,40.82707310275135],[-111.9894275549521,40.82622147386129],[-111.98791864762127,40.82566666570701],[-111.98626501825842,40.82545283322615],[-111.98459827105303,40.82559699419328],[-111.98305105356418,40.82608767563166],[-111.98174650593606,40.8268858263646],[-111.98078846467372,40.82792792328477],[-111.98025319897027,40.82913102476989],[-111.98018333683875,40.830399369936245],[-111.98058446541351,40.83163199933388],[-111.98142467806711,40.83273079106066],[-111.98263710693415,40.83360827270133],[-111.98412524151517,40.83419458681354],[-111.98577061127334,40.83444305467138],[-111.98610018859561,40.834449970198236]]]}"
00000000000000000006,0.4339628070820861,Site 023,"{""type"":""Polygon"",""coordinates"":[[[-112.01509772274618,40.82653952492942],[-112.01675856743682,40.826360435589365],[-112.01828718373737,40.82583742584927],[-112.01956187648884,40.82501213472597],[-112.02048117609779,40.82395026518442],[-112.02097191677889,40.8227363511256],[-112.02099505728386,40.82146702565254],[-112.02054878180829,40.82024332734575],[-112.01966863635978,40.81916265750771],[-112.01842469228227,40.81831102860581],[-112.01691596490737,40.81775622044219],[-112.01526253275198,40.81754238795738],[-112.01359598431775,40.81768654892719],[-112.01204895135167,40.81817723037405],[-112.01074455931727,40.818975381118626],[-112.00978663233654,40.820017478049955],[-112.0092514305021,40.82122057954227],[-112.00918157673473,40.82248892470962],[-112.00958265749263,40.82372155410171],[-112.0104227699453,40.82482034581819],[-112.01163505419812,40.82569782744697],[-112.0131230112634,40.82628414154943],[-112.01476818474056,40.82653260940271],[-112.01509772274618,40.82653952492942]]]}"
00000000000000000007,0.3726358522295895,Site 024,"{""type"":""Polygon"",""coordinates"":[[[-112.01689919957178,40.81116900359819],[-112.01855965946636,40.810989914264596],[-112.02008792162007,40.810466904541855],[-112.02136231907738,40.80964161344137],[-112.02228140575346,40.80857974392102],[-112.02277203280428,40.80736582987513],[-112.02279516800978,40.80609650440271],[-112.02234899596706,40.80487280608406],[-112.02146905443315,40.803792136225375],[-112.02022539851126,40.80294050730049],[-112.01871702059782,40.80238569911869],[-112.01706397140514,40.80217186662621],[-112.01539780897012,40.802316027601236],[-112.01385113433398,40.802806709064576],[-112.01254704445138,40.803604859831744],[-112.01158933939725,40.80464695678473],[-112.01105426159184,40.80585005829104],[-112.01098442406706,40.807118403460294],[-112.01138541196802,40.80835103284167],[-112.01222532983768,40.809449824538106],[-112.01343733326014,40.81032730614381],[-112.01492494560269,40.810913620227325],[-112.0165697379163,40.81116208807173],[-112.01689919957178,40.81116900359819]]]}"
00000000000000000008,0.3152163435200508,Site 025,"{""type"":""Polygon"",""coordinates"":[[[-112.01210120683827,40.79780061863995],[-112.0137613323017,40.79762152931197],[-112.01528928666188,40.79709851960431],[-112.01656342747532,40.79627322852369],[-112.01748232908871,40.79521135902175],[-112.017972857382,40.793997444987106],[-112.01799598798162,40.79272811951523],[-112.01754990583373,40.79150442118629],[-112.01667014152459,40.79042375130966],[-112.01542673604239,40.789572122364774],[-112.01391866185037,40.78901731416718],[-112.01226594549547,40.78880348166803],[-112.01060011853728,40.788947642647585],[-112.00905375533027,40.78943832412525],[-112.00774992805164,40.790236474912064],[-112.00679241587675,40.79127857188389],[-112.00625744586651,40.79248167340235],[-112.0061876224584,40.793750018573284],[-112.0065885296562,40.794982647945325],[-112.00742827841128,40.79608143962434],[-112.00864003776051,40.79695892120997],[-112.01012735050014,40.79754523527701],[-112.01177181153965,40.79779370311372],[-112.01210120683827,40.79780061863995]]]}"
00000000000000000009,0.18552554656751744,Site 026,"{""type"":""Polygon"",""coordinates"":[[[-112.03150275552181,40.83545326793525],[-112.03316382350164,40.835274178591455],[-112.03469264530625,40.834751168841294],[-112.03596750941078,40.83392587770474],[-112.03688693258027,40.8328640081509],[-112.03737773919866,40.83165009408457],[-112.03740088277881,40.83038076861114],[-112.03695454728327,40.82915707031123],[-112.03607428350736,40.82807640048517],[-112.03483017221913,40.82722477159661],[-112.03332124205899,40.82666996344353],[-112.0316675876783,40.82645613096317],[-112.03000081525671,40.82660029192996],[-112.0284535743592,40.82709097336726],[-112.0271490069924,40.82788912409873],[-112.02619095123224,40.828931221017484],[-112.02565567742633,40.83013432250169],[-112.02558581423372,40.831402667667916],[-112.02598694887457,40.83263529706625],[-112.0268271742397,40.83373408879435],[-112.02803962145258,40.83461157043652],[-112.02952777855332,40.83519788454996],[-112.03117317321178,40.8354463524084],[-112.03150275552181,40.83545326793525]]]}"
0000000000000000000a,0.2665142513562912,Site 027,"{""type"":""Polygon"",""coordinates"":[[[-112.02919740027718,40.85050719309169],[-112.03085884558537,40.85032810374156],[-112.03238801466392,40.8498050939744],[-112.03366316833183,40.84897980281546],[-112.03458280030183,40.84791793324086],[-112.03507371834527,40.84670401916185],[-112.03509686712205,40.8454346936878],[-112.03465043020094,40.844210995399514],[-112.03376996646779,40.843130325593684],[-112.03252557261617,40.84227869672767],[-112.03101629977655,40.841723888592384],[-112.0293622698653,40.84151005611956],[-112.02769511893558,40.84165421708122],[-112.02614752666224,40.84214489850238],[-112.02484266300749,40.84294304921169],[-112.02388438962765,40.84398514610921],[-112.02334899419971,40.84518824757973],[-112.02327911507972,40.84645659274406],[-112.0236803407754,40.847689222152916],[-112.02452075694728,40.848788013900645],[-112.02573347954046,40.84966549556546],[-112.02722197467394,40.850251809697454],[-112.02886774309876,40.85050027756458],[-112.02919740027718,40.85050719309169]]]}"
0000000000000000000b,0.3794923862791728,Site 028,"{""type"":""Polygon"",""coordinates"":[[[-112.0501997662389,40.80663855692787],[-112.05186011277203,40.806459467596184],[-112.05338827059357,40.80593645787856],[-112.05466258105683,40.805111166784805],[-112.05558160500257,40.8040492972707],[-112.05607219857775,40.80283538322861],[-112.056095332222,40.80156605775638],[-112.05564919065077,40.80034235943424],[-112.05476930919038,40.799261689569484],[-112.05352573815952,40.79841006063781],[-112.05201746319791,40.79785525245066],[-112.0503645268266,40.797641419955916],[-112.0486984781075,40.797785580932484],[-112.04715190903588,40.79827626240068],[-112.04584790816762,40.79907441317451],[-112.04489026849336,40.80011651013388],[-112.04435522722709,40.8013196116443],[-112.04428539448739,40.80258795681413],[-112.04468635503257,40.803820586192344],[-112.0455262155778,40.80491937788287],[-112.04673813626724,40.80579685948176],[-112.04822564705398,40.8063831735597],[-112.04987032707626,40.8066316414015],[-112.0501997662389,40.80663855692787]]]}"
0000000000000000000c,0.27772566733182535,Site 029,"{""type"":""Polygon"",""coordinates"":[[[-111.94400181555004,40.83096295317444],[-111.945662771035,40.83078386383252],[-111.94719148930503,40.83026085408744],[-111.9484662670805,40.82943556295755],[-111.94938562799922,40.82837369340991],[-111.94987640139787,40.82715977934737],[-111.94989954342873,40.825890453874116],[-111.94945323817173,40.824666755570746],[-111.94857303401011,40.82358608573865],[-111.94732900696395,40.82273445684337],[-111.94582017896865,40.82217964868497],[-111.94416663654684,40.82196581620238],[-111.94249997697187,40.82210997717069],[-111.94095284083188,40.82260065861281],[-111.93964836179894,40.82339880935088],[-111.93869037091889,40.82444090627596],[-111.93815513337277,40.82564400776426],[-111.93808527492868,40.82691235293105],[-111.93848638242287,40.82814498232624],[-111.9393265509018,40.829243774048486],[-111.94053891601409,40.83012125568391],[-111.94202697233538,40.83070756979181],[-111.94367225556094,40.83095603764765],[-111.94400181555004,40.83096295317444]]]}"
0000000000000000000d,0.19163656184055364,Site 030,"{""type"":""Polygon"",""coordinates"":[[[-112.04579863349915,40.732318719670104],[-112.04745712407741,40.73213963036958],[-112.04898357377196,40.731616620735736],[-112.0502564599675,40.730791329752236],[-112.05117445689164,40.72972946034042],[-112.05166450240323,40.72851554636076],[-112.0516876104867,40.72724622089161],[-112.05124196779455,40.726022522512245],[-112.05036306985846,40.7249418525478],[-112.04912088866469,40.724090223505115],[-112.0476142992317,40.72353541523024],[-112.0459632099728,40.72332158269845],[-112.0442990230119,40.72346574370019],[-112.04275418224346,40.723956425247934],[-112.04145163871893,40.72475457613087],[-112.04049506944486,40.72579667319486],[-112.03996062639737,40.72699977477276],[-112.0398908719991,40.72826811995186],[-112.04029138467499,40.72950074927827],[-112.04113030670408,40.73059954087206],[-112.04234087288768,40.73147702235948],[-112.04382672100189,40.732063336345995],[-112.04546956258972,40.73231180414495],[-112.04579863349915,40.732318719670104]]]}"
0000000000000000000e,0.4807170120287953,Site 031,"{""type"":""Polygon"",""coordinates"":[[[-111.93729978666673,40.80464087965595],[-111.93896008322191,40.80446179032511],[-111.9404881950463,40.803938780609734],[-111.94176246715627,40.80311348951894],[-111.94268146344594,40.80205162000759],[-111.94317204226263,40.80083770596718],[-111.94319517521856,40.799568380495025],[-111.94274904708136,40.79834468217136],[-111.94186919210574,40.797264012303906],[-111.94062565850099,40.79641238336926],[-111.93911742892801,40.79585757517975],[-111.93746454229652,40.79564374268401],[-111.93579854371163,40.79578790366124],[-111.93425202118047,40.796278585131574],[-111.9329480595562,40.79707673590834],[-111.93199044870613,40.79811883287053],[-111.93145542354893,40.79932193438277],[-111.93138559291886,40.80059027955284],[-111.93178654140364,40.801822908929665],[-111.9326263766761,40.802921700617595],[-111.93383826089084,40.80379918221348],[-111.93532572690444,40.80438549628896],[-111.93697035742056,40.80463396412961],[-111.93729978666673,40.80464087965595]]]}"
0000000000000000000f,0.19283038233491737,Site 032,"{""type"":""Polygon"",""coordinates"":[[[-111.91999847457934,40.776869598295086],[-111.92165807687235,40.77669050897589],[-111.92318554973289,40.77616749929185],[-111.92445928906311,40.775342208242286],[-111.92537790117197,40.77428033876919],[-111.92586827497301,40.773066424752116],[-111.92589139836738,40.771797099281116],[-111.92544545684729,40.770573400936044],[-111.92456596978131,40.76949273103132],[-111.92332295607677,40.768641102055156],[-111.92181535701415,40.768086293832845],[-111.92016316133709,40.76787246132325],[-111.91849785918522,40.76801662230991],[-111.91695198316522,40.76850730380998],[-111.91564856669352,40.76930545462755],[-111.91469135625104,40.77034755162886],[-111.91415655487121,40.77155065316632],[-111.91408675354657,40.77281899833987],[-111.91448753449565,40.774051627697325],[-111.91532701869478,40.77515041934907],[-111.91653839622579,40.77602790090329],[-111.91802524027885,40.77661421494458],[-111.9196691830867,40.7768626827692],[-111.91999847457934,40.776869598295086]]]}"
00000000000000000010,0.47628333811046136,Site 033,"{""type"":""Polygon"",""coordinates"":[[[-111.93180171506782,40.732149273830075],[-111.93346020142252,40.73197018452962],[-111.9349866472299,40.731447174895976],[-111.93625953018427,40.73062188391272],[-111.93717752477123,40.72956001450114],[-111.9376675690356,40.72834610052163],[-111.9376906770609,40.727076775052474],[-111.93724503550405,40.72585307667298],[-111.93636613980614,40.72477240670832],[-111.93512396177519,40.72392077766538],[-111.93361737617793,40.7233659693903],[-111.93196629112248,40.72315213685843],[-111.93030210839835,40.72329629786022],[-111.92875727156297,40.723786979408146],[-111.9274547313549,40.72458513029133],[-111.92649816451673,40.72562722735555],[-111.92596372283059,40.72683032893361],[-111.92589396861061,40.72809867411274],[-111.92629448026727,40.729331303439025],[-111.9271334001606,40.7304300950326],[-111.92834396326178,40.73130757651976],[-111.92982980759228,40.731893890506065],[-111.9314726449964,40.73214235830493],[-111.93180171506782,40.732149273830075]]]}"
00000000000000000011,0.1230506690143763,Site 034,"{""type"":""Polygon"",""coordinates"":[[[-111.97709726356871,40.77603128729704],[-111.97875684491962,40.77585219797819],[-111.98028429850615,40.77532918829508],[-111.9815580217653,40.774503897246774],[-111.98247662228553,40.77344202777482],[-111.98296698990237,40.77222811375846],[-111.98299011300833,40.770958788287494],[-111.98254417711743,40.769735089941776],[-111.9816647011493,40.76865442003593],[-111.98042170312732,40.76780279105851],[-111.97891412308373,40.767247982835215],[-111.97726194824897,40.76703415032521],[-111.97559666710468,40.76717831131214],[-111.97405081058636,40.767668992813114],[-111.97274741055894,40.7684671436319],[-111.97179021219456,40.76950924063439],[-111.97125541756488,40.77071234217262],[-111.9711856171242,40.77198068734628],[-111.97158639301965,40.773213316703135],[-111.97242586662883,40.7743121083538],[-111.97363722887596,40.77518958990676],[-111.97512405416788,40.775775903947014],[-111.97676797623132,40.77602437177116],[-111.97709726356871,40.77603128729704]]]}"
00000000000000000012,0.16638479943090656,Site 035,"{""type"":""Polygon"",""coordinates"":[[[-112.1015017238588,40.82050190210305],[-112.10316241736399,40.82032281276553],[-112.10469089452108,40.81979980303226],[-112.10596547125216,40.81897451191791],[-112.10688468720029,40.8179126423847],[-112.10737538323633,40.816698728330955],[-112.10739852165914,40.81542940285815],[-112.10695228682211,40.8142057045467],[-112.10607222149116,40.813125034700555],[-112.10482839062931,40.812273405789625],[-112.10331980055699,40.81171859761885],[-112.10166651886675,40.81150476513103],[-112.10000012209069,40.81164892610289],[-112.09845322991161,40.81213960755623],[-112.09714895659194,40.81293775830968],[-112.09619111680564,40.813979855249514],[-112.09565596370192,40.815182956747336],[-112.09558611631623,40.81645130191543],[-112.09598716059085,40.817683931303314],[-112.09682719659232,40.81878272301192],[-112.09803937050755,40.81966020463163],[-112.09952719213209,40.82024651872664],[-112.10117221585098,40.820494986576435],[-112.1015017238588,40.82050190210305]]]}"
00000000000000000013,0.1707264543354416,Site 036,"{""type"":""Polygon"",""coordinates"":[[[-112.05869881284679,40.82876015725403],[-112.06035971315488,40.828581067913056],[-112.0618883806429,40.82805805817045],[-112.06316311607543,40.82723276704383],[-112.06408244646116,40.82617089749923],[-112.06457320356608,40.82495698343853],[-112.06459634483703,40.823687657965394],[-112.06415005441154,40.82246395966031],[-112.06326987948972,40.82138328982526],[-112.06202589376295,40.82053166092668],[-112.06051711587777,40.819976852765684],[-112.05886362836993,40.81976302028198],[-112.05719702414436,40.81990718125104],[-112.05564993938617,40.820397862695515],[-112.05434550367954,40.821196013436825],[-112.05338754462208,40.82223811036502],[-112.05285232486081,40.823441211855325],[-112.05278246874578,40.82470955702239],[-112.05318356292499,40.82594218641604],[-112.05402370350217,40.82704097813541],[-112.05523602834552,40.82791845976753],[-112.05672403523614,40.82850477387272],[-112.05836926380572,40.82875324172728],[-112.05869881284679,40.82876015725403]]]}"
00000000000000000014,0.12099951569052209,Site 037,"{""type"":""Polygon"",""coordinates"":[[[-112.02950507824985,40.74484879363029],[-112.03116388124946,40.74466970432451],[-112.03269061848077,40.74414669467655],[-112.03396374442977,40.743321403674486],[-112.03488191423713,40.74225953424544],[-112.03537205200678,40.741045620255264],[-112.03539516439302,40.73977629478559],[-112.03494943772232,40.73855259641587],[-112.03407037422511,40.73747192646822],[-112.03282795907371,40.736620297444226],[-112.03132108590803,40.736065489184135],[-112.02966968571627,40.73585165665858],[-112.02800518535712,40.73599581765608],[-112.02646005365553,40.73648649919043],[-112.0251572648097,40.73728465005498],[-112.0242005153503,40.73832674710135],[-112.02366597160191,40.73952984866788],[-112.0235962040161,40.74079819384543],[-112.02399679208388,40.74203082318056],[-112.02483587209767,40.74312961479065],[-112.0260466662914,40.74400709629683],[-112.02753279429083,40.744593410298755],[-112.02917594535069,40.74484187810492],[-112.02950507824985,40.74484879363029]]]}"
00000000000000000015,0.14438351253122295,Site 038,"{""type"":""Polygon"",""coordinates"":[[[-112.04650317146562,40.744911221045044],[-112.04816197602223,40.74473213173924],[-112.04968871468658,40.74420912209121],[-112.05096184183046,40.74338383108905],[-112.05188001249945,40.74232196165991],[-112.05237015072888,40.74110804766969],[-112.05239326313658,40.73983872220002],[-112.05194753604732,40.73861502383034],[-112.051068471725,40.73753435388277],[-112.04982605540762,40.73668272485888],[-112.04831918082786,40.73612791659886],[-112.04666777908648,40.73591408407333],[-112.04500327716542,40.73605824507081],[-112.04345814401388,40.73654892660509],[-112.04215535394542,40.73734707746956],[-112.04119860358801,40.73838917451584],[-112.04066405933777,40.73959227608231],[-112.04059429168622,40.74086062125985],[-112.04099488012974,40.742093250595026],[-112.04183396093089,40.74319204220519],[-112.04304475626098,40.744069523711474],[-112.0445308856553,40.744655837713466],[-112.04617403825749,40.744904305519675],[-112.04650317146562,40.744911221045044]]]}"
00000000000000000016,0.275271417259461,Site 039,"{""type"":""Polygon"",""coordinates"":[[[-111.88590418792471,40.75158203622099],[-111.88756315889046,40.7514029469124],[-111.88909005070936,40.750879937256855],[-111.8903633055563,40.75005464624479],[-111.89128156831039,40.748992776806496],[-111.89177175568044,40.74777886281068],[-111.89179487038,40.746509537340714],[-111.89134909856011,40.74528583897617],[-111.89046994605276,40.74420516903755],[-111.88922740511943,40.74335354002361],[-111.88772037941133,40.74279873177146],[-111.88606881205367,40.742584899249266],[-111.88440414320314,40.742729060244486],[-111.88285885508799,40.743219741771625],[-111.88155593435077,40.74401789262631],[-111.88059908801887,40.7450599896632],[-111.88006449013096,40.746263091223625],[-111.87999471545515,40.74753143640032],[-111.88039534405566,40.748764065740154],[-111.88123450900629,40.74986285735899],[-111.88244542578447,40.75074033887528],[-111.88393170425778,40.751326652885474],[-111.88557502169819,40.75157512069552],[-111.88590418792471,40.75158203622099]]]}"
00000000000000000017,0.3978251638797551,Site 040,"{""type"":""Polygon"",""coordinates"":[[[-111.88070041699534,40.74401048263224],[-111.88235919908655,40.743831393326815],[-111.88388591707489,40.74330838367981],[-111.88515902697873,40.74248309267898],[-111.88607718521614,40.74142122325108],[-111.88656731681152,40.74020730926162],[-111.88659042890983,40.73893798379198],[-111.88614470785926,40.73771428542161],[-111.88526565544198,40.73663361547284],[-111.8840232559479,40.73578198644759],[-111.8825164017706,40.735227178186506],[-111.8808650223876,40.73501334566054],[-111.87920054300218,40.735157506658325],[-111.87765543077089,40.735648188193565],[-111.87635265834284,40.73644633905935],[-111.8753959209421,40.737488436106894],[-111.87486138393298,40.73869153767419],[-111.87479161722973,40.739959882851835],[-111.875192200252,40.74119251218639],[-111.87603126969287,40.74229130379538],[-111.87724204862737,40.74316878530032],[-111.87872815789588,40.743755099301204],[-111.88037128824475,40.744003567106894],[-111.88070041699534,40.74401048263224]]]}"
00000000000000000018,0.30205568575208863,Site 041,"{""type"":""Polygon"",""coordinates"":[[[-111.88510154973508,40.74112098514961],[-111.88676025976595,40.7409418958454],[-111.88828691143357,40.740418886201645],[-111.889559966038,40.7395935952051],[-111.89047808439967,40.73853172578118],[-111.89096819471563,40.737317811794135],[-111.89099130582149,40.73604848632462],[-111.89054560414068,40.73482478795202],[-111.88966658991028,40.73374411799937],[-111.88842424437878,40.732892488969824],[-111.88691745564479,40.73233768070533],[-111.88526614797881,40.73212384817793],[-111.88360174087909,40.73226800917668],[-111.88205669575187,40.732758690715016],[-111.88075397990747,40.733556841585035],[-111.87979728406668,40.73459893863665],[-111.87926277028436,40.735802040206565],[-111.87919300662283,40.73707038538457],[-111.87959357225587,40.73830301471711],[-111.8804326052574,40.73940180632235],[-111.88164333160107,40.74027928782295],[-111.88312937631372,40.74086560182028],[-111.88477243528249,40.74111406962431],[-111.88510154973508,40.74112098514961]]]}"
00000000000000000019,0.20443326432575387,Site 049,"{""type"":""Polygon"",""coordinates"":[[[-112.08329967335864,40.773409335877616],[-112.08495918921554,40.77323024655986],[-112.08648658252469,40.772707236879725],[-112.08776025552345,40.77188194583529],[-112.08867881980156,40.770820076366945],[-112.08916916807802,40.769606162352794],[-112.08919229028196,40.768336836881936],[-112.08874637199581,40.7671131385342],[-112.08786693073485,40.76603246862485],[-112.08662398175824,40.765180839643506],[-112.08511646119456,40.76462603141711],[-112.08346435154178,40.764412198905795],[-112.0817991360963,40.76455635989362],[-112.08025334056735,40.7650470413974],[-112.07894999196753,40.76584519222005],[-112.07799283137604,40.766887289226226],[-112.07745805785665,40.76809039076682],[-112.07738826018053,40.769358735940806],[-112.07778902027131,40.77059136529584],[-112.07862846076159,40.7716901569431],[-112.07983977521012,40.772567638492106],[-112.08132654182869,40.77315395252915],[-112.08297039901639,40.77340242035177],[-112.08329967335864,40.773409335877616]]]}"
0000000000000000001a,0.21062681872708736,Site 050,"{""type"":""Polygon"",""coordinates"":[[[-112.1090019318307,40.78886903922991],[-112.11066183398204,40.788689949905674],[-112.11218958281707,40.788166940208086],[-112.11346355225986,40.78734164914073],[-112.11438233030003,40.7862797796511],[-112.11487279264925,40.785065865623956],[-112.11489592017335,40.78379654015246],[-112.11444989805157,40.78257284181663],[-112.11357025208198,40.781492171928015],[-112.11232701382767,40.78064054296977],[-112.11081914244171,40.78008573476163],[-112.10916664833493,40.77987190225803],[-112.1075010453871,40.78001606324061],[-112.10595489013286,40.780506744727845],[-112.10465123820465,40.78130489552778],[-112.10369385482237,40.78234699251219],[-112.103158956791,40.78355009403876],[-112.10308914280907,40.784818439210795],[-112.1034899961184,40.78605106857662],[-112.1043296319494,40.787149860244],[-112.10554122832185,40.78802734181621],[-112.1070283410055,40.788613655872275],[-112.10867258084102,40.788862123703815],[-112.1090019318307,40.78886903922991]]]}"
0000000000000000001b,0.23210347157448669,Site 051,"{""type"":""Polygon"",""coordinates"":[[[-112.12239707139524,40.799339008503395],[-112.12405723533246,40.79915991917476],[-112.12558522510196,40.79863690946538],[-112.12685939544033,40.79781161838247],[-112.1277783183438,40.79674974887842],[-112.12826885799839,40.795535834842475],[-112.12829198912787,40.794266509370544],[-112.12784589663828,40.79304281104278],[-112.12696611194075,40.79196214116821],[-112.12572267764736,40.79111051222563],[-112.12421456851449,40.79055570402985],[-112.12256181386911,40.790341871531474],[-112.12089594831686,40.79048603251051],[-112.11934954928226,40.790976713986524],[-112.11804569179303,40.79177486477108],[-112.11708815742882,40.79281696174074],[-112.1165531750176,40.79402006325779],[-112.11648334998544,40.79528840842854],[-112.11688426646754,40.79652103780166],[-112.11772403467799,40.79761982948267],[-112.11893582210598,40.7984973110706],[-112.12042316931267,40.79908362513956],[-112.12206766846276,40.79933209297713],[-112.12239707139524,40.799339008503395]]]}"
0000000000000000001c,0.11817466629608796,Site 052,"{""type"":""Polygon"",""coordinates"":[[[-112.11400058411162,40.83078904823336],[-112.11566153524029,40.83060995889152],[-112.11719024950101,40.830086949146626],[-112.11846502393344,40.829261658017],[-112.11938438244154,40.828199788469604],[-112.11987515455378,40.82698587440719],[-112.11989829652464,40.82571654893396],[-112.11945199243861,40.82449285063044],[-112.1185717905855,40.82341218079813],[-112.11732776680158,40.82256055190258],[-112.11581894276254,40.82200574374398],[-112.11416540467626,40.82179191126129],[-112.11249874947121,40.82193607222966],[-112.1109516173879,40.82242675367196],[-112.10964714177562,40.8232249044103],[-112.10868915340801,40.82426700133563],[-112.10815391726602,40.825470102824085],[-112.1080840590058,40.8267384479909],[-112.10848516544877,40.82797107738597],[-112.1093253317248,40.829069869107975],[-112.11053769365783,40.82994735074314],[-112.11202574607648,40.83053366485083],[-112.1136710249869,40.83078213270657],[-112.11400058411162,40.83078904823336]]]}"
0000000000000000001d,0.23222640882993997,Site 053,"{""type"":""Polygon"",""coordinates"":[[[-112.06909743650341,40.82860854781821],[-112.07075833301414,40.828429458477295],[-112.07228699700727,40.827906448734865],[-112.07356172952565,40.82708115760848],[-112.07448105781006,40.82601928806409],[-112.07497181379362,40.824805374003525],[-112.07499495501227,40.823536048530364],[-112.07454866560751,40.82231235022518],[-112.07366849269803,40.82123168038993],[-112.07242450981492,40.82038005149112],[-112.07091573537842,40.81982524332994],[-112.06926225164987,40.819611410846164],[-112.06759565123353,40.81975557181528],[-112.06604857001155,40.820246253259924],[-112.06474413728671,40.821044404001455],[-112.06378618041934,40.822086500929856],[-112.06325096188203,40.823289602420296],[-112.0631811059273,40.82455794758738],[-112.06358219919015,40.82579057698093],[-112.06442233784709,40.8268893687001],[-112.06563465991904,40.82776685033199],[-112.06712266340776,40.82835316443699],[-112.06876788821582,40.828601632291466],[-112.06909743650341,40.82860854781821]]]}"
0000000000000000001e,0.33142509708804313,Site 054,"{""type"":""Polygon"",""coordinates"":[[[-112.06330060513393,40.792182151312616],[-112.06496059010975,40.792003061986996],[-112.06648841517223,40.79148005228568],[-112.06776244817486,40.79065476121339],[-112.06868127204726,40.7895928917192],[-112.06917175885454,40.78837897768926],[-112.06919488751934,40.78710965221764],[-112.06874884313441,40.78588595388435],[-112.06786915327372,40.784805284000186],[-112.06662585299607,40.7839536550469],[-112.06511790639114,40.78339884684268],[-112.0634653298545,40.783185014340724],[-112.06179964382322,40.78332917532218],[-112.06025341144114,40.78381985680586],[-112.05894969447702,40.78461800760094],[-112.05799226332671,40.78566010458068],[-112.05745733859902,40.78686320610423],[-112.057387521121,40.78813155127587],[-112.05778839441707,40.789364180644],[-112.05862807213062,40.79046297231569],[-112.05983972894971,40.79134045389288],[-112.06132691583235,40.79192676795302],[-112.06297123771046,40.79217523578647],[-112.06330060513393,40.792182151312616]]]}"
0000000000000000001f,0.50282245315648,Site 055,"{""type"":""Polygon"",""coordinates"":[[[-111.96230196627339,40.85143022700974],[-111.96396343472685,40.85125113765923],[-111.96549262510715,40.850728127891024],[-111.9667677965368,40.84990283673072],[-111.9676874413146,40.84884096715484],[-111.96817836619282,40.84762705307507],[-111.96820151528836,40.846357727600974],[-111.96775507214583,40.84513402931339],[-111.96687459614733,40.8440533595088],[-111.96563018496332,40.84320173064417],[-111.9641208911038,40.84264692250998],[-111.96246683815757,40.84243309003761],[-111.96079966401021,40.84257725099897],[-111.95925205018355,40.84306793241913],[-111.95794716835452,40.84386608312709],[-111.95698888162592,40.8449081800233],[-111.95645347873773,40.84611128149298],[-111.95638359864074,40.8473796266572],[-111.95678482992173,40.848612256066694],[-111.95762525779766,40.84971104781564],[-111.95883799728261,40.85058852948183],[-111.96032651315096,40.85117484361497],[-111.96197230450255,40.85142331148263],[-111.96230196627339,40.85143022700974]]]}"
00000000000000000020,0.24554566870376876,Site 056,"{""type"":""Polygon"",""coordinates"":[[[-111.98210037495069,40.85036004275694],[-111.98376181656917,40.85018095340687],[-111.9852909822519,40.84965794363986],[-111.98656613308827,40.84883265248115],[-111.98748576301651,40.84777078290675],[-111.98797667997037,40.846556868827875],[-111.98799982869635,40.84528754335383],[-111.98755339276703,40.84406384506541],[-111.98667293098916,40.8429831752594],[-111.9854285399006,40.842131546393155],[-111.9839192704119,40.84157673825771],[-111.9822652441728,40.84136290578479],[-111.98059809694433,40.841507066746516],[-111.97905050810695,40.84199774816783],[-111.97774564734945,40.84279589887736],[-111.9767873760976,40.84383799577508],[-111.97625198185897,40.84504109724573],[-111.97618210289473,40.846309442410096],[-111.97658332770003,40.84754207181883],[-111.97742374200608,40.84864086356639],[-111.97863646190646,40.84951834523097],[-111.98012495373445,40.85010465936279],[-111.98177071850438,40.85035312722982],[-111.98210037495069,40.85036004275694]]]}"
00000000000000000021,0.256109940505041,Site 057,"{""type"":""Polygon"",""coordinates"":[[[-112.0234005689077,40.874385679232894],[-112.02506261332006,40.87420658987273],[-112.02659233378375,40.873683580078556],[-112.02786794720669,40.8728582888841],[-112.02878791070026,40.87179641927655],[-112.0292790056591,40.87058250517743],[-112.02930216268683,40.86931317970239],[-112.02885556472698,40.86808948143253],[-112.02797478351117,40.86700881165882],[-112.02672994101876,40.866157182828566],[-112.0252201240889,40.86560237472155],[-112.02356549792802,40.86538854226065],[-112.02189774602097,40.865532703214214],[-112.02034959584972,40.86602338460973],[-112.01904426176297,40.866821535283904],[-112.01808564285686,40.86786363214771],[-112.01755005432324,40.86906673359649],[-112.01748014991446,40.87033507875784],[-112.01788152018273,40.87156770818338],[-112.0187222393085,40.872666499962286],[-112.01993539913751,40.87354398166301],[-112.02142443098339,40.874130295824465],[-112.02307079285676,40.87437876370539],[-112.0234005689077,40.874385679232894]]]}"
00000000000000000022,0.1417888553650894,Site 058,"{""type"":""Polygon"",""coordinates"":[[[-112.0036021602304,40.758738893411774],[-112.00526130979215,40.75855980410018],[-112.00678836598176,40.75803679443657],[-112.00806175788406,40.757211503413906],[-112.00898011946703,40.756149633965755],[-112.0094703595765,40.75493571996392],[-112.00949347673571,40.75366639449367],[-112.00904765690939,40.752442696134636],[-112.00816840975885,40.751362026205605],[-112.0069257350834,40.75051039720236],[-112.00541854717919,40.74995558895864],[-112.0037668020764,40.74974175644001],[-112.00210195407142,40.74988591743281],[-112.00055649964402,40.75037659895229],[-111.99925343866863,40.751174749796476],[-111.99829648933357,40.752216846823295],[-111.99776183387989,40.75341994837723],[-111.99769205166541,40.75468829355304],[-111.99809272336375,40.75592092289784],[-111.99893197862653,40.75701971452601],[-112.00014302574694,40.757897196053015],[-112.00162946421695,40.758483510072004],[-112.00327295856738,40.75873197788618],[-112.0036021602304,40.758738893411774]]]}"
00000000000000000023,0.13202986274895273,Site 059,"{""type"":""Polygon"",""coordinates"":[[[-112.03880230394631,40.759340872054],[-112.04046146853307,40.75916178274214],[-112.04198853855095,40.758638773077855],[-112.04326194198353,40.757813482054296],[-112.04418031188082,40.75675161260531],[-112.04467055642718,40.75553769860298],[-112.04469367379333,40.7542683731327],[-112.0442478499283,40.75304467477414],[-112.04336859481556,40.75196400484591],[-112.04212590888856,40.75111237584356],[-112.04061870733904,40.75055756760056],[-112.0389669472828,40.750343735082225],[-112.03730208420582,40.750487896074816],[-112.03575661578681,40.750978577593656],[-112.03445354301337,40.75177672843696],[-112.0334965850128,40.75281882546293],[-112.0329619247162,40.75402192701631],[-112.03289214186749,40.75529027219205],[-112.0332928171916,40.75652290153728],[-112.0341320800522,40.757621693166215],[-112.03534313813812,40.75849917469413],[-112.03682959006844,40.75908548871387],[-112.03847309930205,40.759333956528394],[-112.03880230394631,40.759340872054]]]}"
00000000000000000024,0.11124108672199919,Site 060,"{""type"":""Polygon"",""coordinates"":[[[-111.96759937832489,40.75200119172002],[-111.96925835974868,40.751822102411246],[-111.97078526119265,40.751299092755225],[-111.97205852406516,40.75047380174256],[-111.97297679260637,40.74941193230367],[-111.9734669830647,40.7481980183075],[-111.97349009790827,40.74692869283753],[-111.97304432327728,40.74570499447331],[-111.97216516522789,40.744624324535245],[-111.97092261646303,40.743772695521926],[-111.96941558125721,40.743217887270276],[-111.9677640034913,40.74300405474828],[-111.96609932415001,40.74314821574336],[-111.96455402629611,40.74363889727006],[-111.96325109734697,40.74443704812412],[-111.96229424498351,40.74547914516043],[-111.96175964372472,40.74668224672047],[-111.96168986860746,40.74795059189712],[-111.96209049973164,40.74918322123724],[-111.96292966997069,40.75028201285664],[-111.96414059438132,40.75115949437354],[-111.96562688222359,40.75174580838425],[-111.9672702100233,40.75199427619454],[-111.96759937832489,40.75200119172002]]]}"
00000000000000000025,0.2654195935197545,Site 061,"{""type"":""Polygon"",""coordinates"":[[[-112.08450363064308,40.80544797694662],[-112.08616394738964,40.80526888761542],[-112.08769207779714,40.804745877899144],[-112.08896636540206,40.80392058680716],[-112.08988537286494,40.80285871729469],[-112.09037595764416,40.80164480325361],[-112.09039909087815,40.80037547778142],[-112.08995295731353,40.79915177945838],[-112.08907309163791,40.79807110959201],[-112.0878295429128,40.797219480658555],[-112.08632129500258,40.79666467247],[-112.08466838827589,40.796450839974675],[-112.08300236943649,40.79659500095163],[-112.08145582810272,40.797085682421105],[-112.08015185062364,40.79788383319668],[-112.07919422812844,40.79892593015773],[-112.07865919646308,40.80012903166923],[-112.07858936498072,40.801397376839205],[-112.07899031833796,40.80263000621659],[-112.07983016382077,40.80372879790557],[-112.08104206277149,40.804606279502664],[-112.0825295468737,40.80519259357914],[-112.08417419739061,40.805441061420254],[-112.08450363064308,40.80544797694662]]]}"
00000000000000000026,0.2582486192474986,Site 062,"{""type"":""Polygon"",""coordinates"":[[[-112.04949968737353,40.856531438614894],[-112.05116128376031,40.85635234926224],[-112.05269059188394,40.85582933948827],[-112.05396586149017,40.85500404832037],[-112.05488557706185,40.853942178737455],[-112.05537653971878,40.85272826465338],[-112.05539969057625,40.851458939179075],[-112.05495321304532,40.85023524089543],[-112.05407266925125,40.8491545710977],[-112.05282816226402,40.84830294224071],[-112.05131875221892,40.84774813411255],[-112.04966457194892,40.84753430164274],[-112.04799726946825,40.84767846260236],[-112.04644953650748,40.84816914401705],[-112.04514455422193,40.848967294717504],[-112.0441861937093,40.85000939160651],[-112.04365074958511,40.85121249307155],[-112.04358086408793,40.85248083823513],[-112.0439821262411,40.853713467648184],[-112.04482261881012,40.854812259403786],[-112.04603545166287,40.85568974107765],[-112.04752408214134,40.85627605521709],[-112.04917000021854,40.85652452308769],[-112.04949968737353,40.856531438614894]]]}"
00000000000000000027,0.2592794792623831,Site 063,"{""type"":""Polygon"",""coordinates"":[[[-111.98130219586213,40.875669900336284],[-111.98296427251563,40.87549081097557],[-111.98449402265247,40.874967801179956],[-111.9857696608174,40.87414250998359],[-111.9866896421521,40.87308064037426],[-111.98718074663175,40.87186672627405],[-111.98720390410351,40.87059740079896],[-111.98675729747727,40.8693737025301],[-111.98587649917594,40.86829303275812],[-111.98463163253966,40.86744140392979],[-111.98312178632924,40.86688659582429],[-111.98146712808082,40.866672763364036],[-111.97979934383184,40.86681692431716],[-111.97825116363697,40.86730760571131],[-111.97694580423364,40.868105756383585],[-111.97598716673282,40.86914785324557],[-111.9754515678071,40.87035095469318],[-111.97538166203739,40.871619299854366],[-111.97578304008591,40.872851929280806],[-111.97662377551534,40.87395072106139],[-111.97783695887446,40.87482820276405],[-111.97932601960383,40.87541451692709],[-111.980972413414,40.875662984808756],[-111.98130219586213,40.875669900336284]]]}"
00000000000000000028,0.25780471068161215,Site 064,"{""type"":""Polygon"",""coordinates"":[[[-111.95580505603853,40.82103699422947],[-111.95746576294087,40.82085790489173],[-111.95899425242801,40.82033489515785],[-111.96026883944013,40.819509604042715],[-111.9611880628018,40.81844773450876],[-111.961678762794,40.81723382045456],[-111.96170190140131,40.81596449498173],[-111.96125566296314,40.8147407966707],[-111.96037559053265,40.81366012682527],[-111.9591317496383,40.81280849791513],[-111.95762314739905,40.812253689745],[-111.9559698523755,40.81203985725745],[-111.9543034421604,40.81218401822913],[-111.95275653750562,40.812674699681885],[-111.95145225366616,40.81347285043456],[-111.9504944061532,40.81451494737363],[-111.94995924873125,40.81571804887097],[-111.94988940078005,40.81698639403899],[-111.95029044828763,40.818219023427254],[-111.95113049106371,40.81931781513656],[-111.95234267475642,40.82019529675707],[-111.95383050838291,40.82078161085274],[-111.95547554537248,40.82103007870285],[-111.95580505603853,40.82103699422947]]]}"
00000000000000000029,0.4315966529018824,Site 065,"{""type"":""Polygon"",""coordinates"":[[[-112.05899757261737,40.817768473157294],[-112.06065819769107,40.81758938382092],[-112.06218661186728,40.81706637409073],[-112.06346113608376,40.816241082980454],[-112.06438031416427,40.815179213451],[-112.06487098999249,40.81396529939956],[-112.06489412747284,40.812695973926864],[-112.06444791103013,40.81147227561331],[-112.06356788196301,40.81039160576349],[-112.06232410234627,40.80953997684847],[-112.0608155744216,40.808985168674475],[-112.0591623608368,40.808771336185295],[-112.05749603270618,40.80891549715807],[-112.05594920425187,40.80940617861434],[-112.05464498466638,40.81020432937181],[-112.05368718434713,40.811246426315506],[-112.05315205330052,40.8124495278158],[-112.05308220880337,40.81371787298423],[-112.05348323656449,40.814950502370216],[-112.05432323796163,40.816049294075256],[-112.05553536193449,40.81692677569086],[-112.05702312225411,40.8175130897825],[-112.05866807818751,40.817761557630725],[-112.05899757261737,40.817768473157294]]]}"
0000000000000000002a,0.24134570975278283,Site 066,"{""type"":""Polygon"",""coordinates"":[[[-112.07409608878432,40.84599904192665],[-112.07575742106519,40.845819952578424],[-112.0772864861191,40.845296942816354],[-112.07856155304935,40.844471651664115],[-112.07948112247392,40.843409782095726],[-112.07997200714038,40.842195868020525],[-112.07999515436053,40.84092654254667],[-112.0795487478211,40.839702844254894],[-112.0786683439844,40.838622174443],[-112.07742403477361,40.83777054557023],[-112.07591486458239,40.837215737429624],[-112.07426094715994,40.83700190495453],[-112.07259390961096,40.837146065917736],[-112.07104642259097,40.83763674734372],[-112.06974164768819,40.83843489805968],[-112.06878343949552,40.83947699496355],[-112.06824808049903,40.84068009643817],[-112.06817820615002,40.84194844160308],[-112.06857940457057,40.84318107100877],[-112.06941976358699,40.844279862750625],[-112.07063240369101,40.845157344408655],[-112.07212079756799,40.8457436585351],[-112.07376645403247,40.84599212639962],[-112.07409608878432,40.84599904192665]]]}"
0000000000000000002b,0.41162593412321336,Site 207,"{""type"":""Polygon"",""coordinates"":[[[-111.87550556426805,40.74672161607275],[-111.877164413981,40.74654252676619],[-111.87869119420492,40.74601951711612],[-111.87996435600196,40.74519422611127],[-111.88088255165889,40.74413235667966],[-111.88137270322298,40.7429184426879],[-111.88139581625259,40.74164911721816],[-111.88095007702536,40.740425418849874],[-111.88007098877341,40.73934474890473],[-111.87882853864059,40.73849311988354],[-111.87732162305107,40.737938311625655],[-111.87567017636852,40.73772447910103],[-111.87400562914996,40.7378686400979],[-111.87246045394794,40.73835932163024],[-111.87115762842156,40.73915747249205],[-111.87020085202079,40.74019956953578],[-111.86966629321557,40.741402671100616],[-111.86959652365795,40.74267101627793],[-111.86999712299834,40.74390364561436],[-111.87083622663405,40.74500243722689],[-111.87204705491996,40.74587991873588],[-111.87353322476794,40.746466232740104],[-111.87517642210017,40.74671470054735],[-111.87550556426805,40.74672161607275]]]}"
0000000000000000002c,0.4547291466569004,Site 208,"{""type"":""Polygon"",""coordinates"":[[[-111.81690405822367,40.74487108913556],[-111.81856286177934,40.74469199982977],[-111.82008959952246,40.744168990181784],[-111.82136272589821,40.74334369917968],[-111.8222808960133,40.74228182975061],[-111.82277103394713,40.741067915760425],[-111.82279414634105,40.73979859029075],[-111.82234841952086,40.73857489192103],[-111.82146935572896,40.737494221973414],[-111.82022694016116,40.736642592949465],[-111.81872006649043,40.736087784689396],[-111.81706866574524,40.73587395216385],[-111.81540416482828,40.73601811316134],[-111.81385903260883,40.736508794695666],[-111.81255624332636,40.73730694556019],[-111.81159949354623,40.738349042606515],[-111.81106494961863,40.73955214417304],[-111.81099518200934,40.740820489350575],[-111.8113957702113,40.74205311868573],[-111.81223485050629,40.74315191029584],[-111.81344564510587,40.744029391802066],[-111.81493177360348,40.74461570580401],[-111.81657492521417,40.74486417361019],[-111.81690405822367,40.74487108913556]]]}"
0000000000000000002d,0.4262163334554358,Site 209,"{""type"":""Polygon"",""coordinates"":[[[-111.81330110457249,40.75441802449098],[-111.81496014630129,40.75423893518119],[-111.81648710324693,40.75371592552246],[-111.81776041239777,40.752890634506194],[-111.81867871430967,40.75182876506398],[-111.81916892257608,40.750614851065784],[-111.8191920382502,40.74934552559571],[-111.81874624740927,40.74812182723336],[-111.81786705740251,40.74704115729853],[-111.81662446347808,40.746189528288824],[-111.81511737350486,40.74563472004002],[-111.81346573572127,40.74542088751923],[-111.81180099588643,40.74556504851349],[-111.81025564187527,40.7460557300376],[-111.80895266557309,40.74685388088812],[-111.8079957784294,40.74789597792102],[-111.80746115773289,40.749099079478874],[-111.8073913800701,40.75036742465523],[-111.80779202574676,40.751600053997024],[-111.80863122648074,40.752698845619555],[-111.80984219490294,40.753576327140095],[-111.81132853676992,40.754162641153776],[-111.81297192430537,40.754411108965456],[-111.81330110457249,40.75441802449098]]]}"
0000000000000000002e,0.3623816193624194,Site 211,"{""type"":""Polygon"",""coordinates"":[[[-111.85720095444367,40.73538658119488],[-111.85885952149692,40.73520749189308],[-111.86038604157515,40.73468448225577],[-111.86165898645793,40.73385919126772],[-111.8625770257007,40.73279732185169],[-111.86306709379534,40.731583407869465],[-111.86309020293207,40.73031408240018],[-111.86264453968352,40.72909038402317],[-111.86176560122111,40.72800971406285],[-111.86052336275884,40.72715808502473],[-111.85901670387331,40.72660327675348],[-111.85736553850377,40.72638944422322],[-111.85570127482875,40.72653360522393],[-111.85415636284525,40.727024286768376],[-111.85285375927059,40.727822437646815],[-111.85189714589046,40.72886453470649],[-111.85136267819325,40.73006763628161],[-111.85129292056692,40.73133598146034],[-111.85169345169736,40.732568610788874],[-111.85253241239816,40.73366740238666],[-111.85374303439445,40.73454488387867],[-111.85522895101943,40.73513119786895],[-111.85687186836027,40.73537966566967],[-111.85720095444367,40.73538658119488]]]}"
0000000000000000002f,0.20076080120024078,Site 212,"{""type"":""Polygon"",""coordinates"":[[[-111.87609862470818,40.76878970718625],[-111.87775802519188,40.768610617870436],[-111.87928531231739,40.7680876081955],[-111.88055889677827,40.76726231715793],[-111.88147739721283,40.76620044769595],[-111.88196771141956,40.764986533685665],[-111.88199083203456,40.76371720821501],[-111.88154494476062,40.76249350986372],[-111.88066556463926,40.76141283994815],[-111.87942270206018,40.760561210959914],[-111.87791528627535,40.760006402728074],[-111.87626329144608,40.75979257021445],[-111.87459819173453,40.75993673120384],[-111.87305250364346,40.760427412712566],[-111.87174924563764,40.76122556354199],[-111.87079215158629,40.76226766055467],[-111.87025741525444,40.76347076209947],[-111.87018762244833,40.76473910727403],[-111.87058835469786,40.76597173662584],[-111.87142773684643,40.767070528267084],[-111.87263896709374,40.767948009809174],[-111.87412563035427,40.76853432384053],[-111.87576937325794,40.768782791660485],[-111.87609862470818,40.76878970718625]]]}"
00000000000000000030,0.22097966694761217,Site 213,"{""type"":""Polygon"",""coordinates"":[[[-111.89119714087514,40.74536159025142],[-111.89285595666485,40.74518250094543],[-111.89438270566755,40.74465949129691],[-111.89565584143176,40.743834200294074],[-111.89657401831676,40.74277233086432],[-111.89706415986329,40.741558416873715],[-111.89708727242571,40.74028909140403],[-111.89664154231701,40.73906539303469],[-111.89576247204194,40.73798472308773],[-111.89452004731264,40.737133094064504],[-111.8930131625313,40.736578285805024],[-111.89136174961035,40.73636445327973],[-111.8896972364211,40.73650861427704],[-111.88815209280908,40.73699929581085],[-111.88684929392011,40.73779744667465],[-111.88589253708415,40.738839543720296],[-111.88535798921322,40.74004264528636],[-111.88528822108752,40.741310990463845],[-111.88568881224174,40.742543619799335],[-111.88652789872322,40.74364241141008],[-111.8877387022514,40.74451989291704],[-111.88922484170897,40.745106206919594],[-111.8908680054382,40.74535467472606],[-111.89119714087514,40.74536159025142]]]}"
00000000000000000031,0.29958513332210723,Site 214,"{""type"":""Polygon"",""coordinates"":[[[-111.89900056771867,40.78082928003055],[-111.90066026894154,40.780650190709686],[-111.90218783285218,40.78012718102118],[-111.9034616481016,40.779301889965744],[-111.90438031495486,40.77824002048718],[-111.90487071796991,40.777026106466785],[-111.90489384272676,40.77575678099563],[-111.90444787461439,40.774533082653605],[-111.90356833512261,40.7734524127542],[-111.90232524733415,40.77260078378395],[-111.90081755842604,40.772045975566314],[-111.89916526429042,40.77183214305869],[-111.89749986289932,40.77197630404401],[-111.8959538947538,40.77246698553984],[-111.8946504005998,40.7732651363516],[-111.89369313310067,40.77430723334733],[-111.89315829983335,40.77551033488119],[-111.89308849433279,40.77677868005425],[-111.8934892991551,40.77801130941445],[-111.89432883338095,40.77911010107137],[-111.89554028311257,40.77998758263152],[-111.8970272157928,40.78057389667769],[-111.89867125659661,40.780822364504594],[-111.89900056771867,40.78082928003055]]]}"
00000000000000000032,0.38304639891083025,Site 215,"{""type"":""Polygon"",""coordinates"":[[[-111.86129886831178,40.75452950201732],[-111.86295791282237,40.754350412707495],[-111.86448487232819,40.75382740304863],[-111.86575818361378,40.753002112032206],[-111.86667648706502,40.751940242589846],[-111.86716669615286,40.75072632859155],[-111.8671898118653,40.749457003121464],[-111.86674402027664,40.74823330475919],[-111.86586482879575,40.74715263482452],[-111.86462223278816,40.746301005814985],[-111.86311514028863,40.74574619756631],[-111.86146349973652,40.745532365045584],[-111.8597987571112,40.7456765260398],[-111.8582534005096,40.74616720756379],[-111.85695042202309,40.74696535841415],[-111.85599353327505,40.74800745544689],[-111.85545891168188,40.74921055700464],[-111.85538913390171,40.75047890218097],[-111.85578978024965,40.75171153152285],[-111.85662898239032,40.75281032314554],[-111.8578399528427,40.753687804666235],[-111.85932629720175,40.75427411868006],[-111.8609696874927,40.7545225864918],[-111.86129886831178,40.75452950201732]]]}"
00000000000000000033,0.39631348065376076,Site 216,"{""type"":""Polygon"",""coordinates"":[[[-111.82569740550107,40.75642907906609],[-111.82735649741545,40.75624998975546],[-111.82888350054935,40.75572698009446],[-111.83015684821282,40.75490168907522],[-111.83107517789571,40.75383981963024],[-111.83156540098192,40.75262590563035],[-111.8315885173472,40.75135658016019],[-111.83114271301643,40.750132881799374],[-111.83026349641489,40.74905221186725],[-111.82902086490884,40.748200582860555],[-111.82751372935843,40.747645774614114],[-111.82586204162835,40.74743194209434],[-111.82419725145098,40.747576103087916],[-111.822651850706,40.748066784609875],[-111.82134883499678,40.74886493545744],[-111.82039191890917,40.74990703248751],[-111.81985728203661,40.751110134043536],[-111.81978750225547,40.752378479219644],[-111.82018816004266,40.75361110856284],[-111.8210273861544,40.75470990018799],[-111.82223839120284,40.755587381711535],[-111.823724778029,40.75617369572769],[-111.82536821527626,40.756422163540535],[-111.82569740550107,40.75642907906609]]]}"
00000000000000000034,0.43469868870707995,Site 216z,"{""type"":""Polygon"",""coordinates"":[[[-111.81849595729976,40.75469894785735],[-111.82015500603866,40.75451985854745],[-111.82168196943603,40.75399684888839],[-111.82295528396645,40.75317155787171],[-111.82387358975751,40.75210968842912],[-111.82436380009398,40.750895774430674],[-111.82438691586465,40.749626448960605],[-111.8239411231394,40.74840275059845],[-111.8230619294178,40.747322080664],[-111.82181933024383,40.74647045165472],[-111.82031223390425,40.74591564340625],[-111.81866058914393,40.745701810885606],[-111.81699584227708,40.74584597187977],[-111.81545048173798,40.746336653403574],[-111.81414749993128,40.74713480425368],[-111.81319060874462,40.748176901286186],[-111.81265598578855,40.749380002843786],[-111.81258620782988,40.7506483480201],[-111.81298685519819,40.75188097736209],[-111.81382605947702,40.75297976898499],[-111.8150370330153,40.75385725050595],[-111.81652338116236,40.754443564519974],[-111.81816677564171,40.75469203233182],[-111.81849595729976,40.75469894785735]]]}"
00000000000000000035,0.39871065735871936,Site 218,"{""type"":""Polygon"",""coordinates"":[[[-111.82270088959316,40.728149460185136],[-111.82435927625997,40.72797037088636],[-111.82588563031966,40.727447361257205],[-111.82715843677309,40.72662207027989],[-111.82807637619621,40.72556020087381],[-111.82856639102272,40.72434628689764],[-111.8285894976751,40.72307696142867],[-111.82814388291426,40.721853263046086],[-111.82726504004386,40.72077259307606],[-111.82602293666447,40.71992096402715],[-111.8245164416011,40.71936615574737],[-111.8228654557586,40.71915232321351],[-111.8212013730341,40.71929648421665],[-111.81965662903013,40.71978716576885],[-111.81835416709959,40.7205853166579],[-111.81739765775522,40.721627413727745],[-111.81686324820089,40.72283051530943],[-111.81679349818882,40.724098860489065],[-111.81719398578932,40.72533148981256],[-111.8180328552726,40.72643028140094],[-111.81924334561997,40.72730776288209],[-111.82072910064424,40.72789407686349],[-111.82237183930152,40.72814254466005],[-111.82270088959316,40.728149460185136]]]}"
00000000000000000036,0.448687441116746,Site 219,"{""type"":""Polygon"",""coordinates"":[[[-111.86479926263873,40.78609101927362],[-111.86645909535301,40.78591192995056],[-111.86798678028168,40.7853889202561],[-111.86926069643818,40.78456362919286],[-111.87017943605427,40.78350175970706],[-111.87066987789872,40.78228784568224],[-111.87069300446652,40.781018520210864],[-111.87024700100936,40.77979482187289],[-111.86936739183648,40.778714151980545],[-111.8681242055803,40.77786252301816],[-111.86661639725521,40.77730771480673],[-111.86496397225467,40.77709388230174],[-111.86329843896102,40.777238043285266],[-111.861752348368,40.77772872477548],[-111.86044875096354,40.778526875579495],[-111.85949140762827,40.77956897256782],[-111.85895653197815,40.78077207409691],[-111.8588867209272,40.7820404192693],[-111.85928755748034,40.78327304863318],[-111.86012715819854,40.78437184029694],[-111.86133870389472,40.78524932186499],[-111.8628257543726,40.785835635917635],[-111.86446992542655,40.78608410374758],[-111.86479926263873,40.78609101927362]]]}"
00000000000000000037,0.2527000928251048,Site 220,"{""type"":""Polygon"",""coordinates"":[[[-111.8600993701284,40.72685632087964],[-111.86175772457042,40.726677231581405],[-111.86328404897203,40.7261542219537],[-111.86455683069603,40.725328930978286],[-111.86547475228704,40.72426706157399],[-111.86596475759758,40.72305314759892],[-111.86598786380614,40.721783822129986],[-111.8655422577073,40.72056012374642],[-111.86466343191374,40.71947945377466],[-111.863421352666,40.71862782472382],[-111.86191488686832,40.71807301644252],[-111.86026393309709,40.717859183908004],[-111.85859988269814,40.71800334491159],[-111.85705516870259,40.71849402646517],[-111.85575273207577,40.71929217735612],[-111.85479624131666,40.720334274427785],[-111.85426184214916,40.72153737601063],[-111.85419209349732,40.722805721190426],[-111.85459257332151,40.72403835051303],[-111.85543142650943,40.72513714209972],[-111.8566418933386,40.72601462357895],[-111.85812761949403,40.72660093755876],[-111.85977032623073,40.726849405354564],[-111.8600993701284,40.72685632087964]]]}"
00000000000000000038,0.44862835775328835,Site 221,"{""type"":""Polygon"",""coordinates"":[[[-111.87270524880651,40.7148970118543],[-111.87436330532411,40.71471792256106],[-111.87588935553116,40.71419491294683],[-111.87716190862666,40.71336962198913],[-111.87807966535654,40.71230775260127],[-111.87856958268992,40.71109383863622],[-111.87859268479538,40.709824513167796],[-111.87814715877833,40.70860081477503],[-111.87726849086357,40.70752014478725],[-111.87602663471739,40.70666851571858],[-111.87452043948676,40.70611370742318],[-111.87286978222055,40.70589987488271],[-111.87120603067763,40.70604403589034],[-111.86966159411544,40.70653471745671],[-111.8683593914266,40.707332868365185],[-111.86740307249191,40.70837496545365],[-111.86686876935258,40.70957806704735],[-111.86679903327635,40.71084641222863],[-111.86719944120696,40.71207904154292],[-111.86803814374093,40.71317783311407],[-111.86924839314005,40.71405531457538],[-111.87073385239741,40.71464162854049],[-111.87237626402214,40.71489009632943],[-111.87270524880651,40.7148970118543]]]}"
00000000000000000039,0.3802922608030054,Site 222,"{""type"":""Polygon"",""coordinates"":[[[-111.85929673193878,40.715338462858575],[-111.86095479945041,40.715159373565164],[-111.86248085977581,40.71463636395044],[-111.86375342130818,40.713811072992094],[-111.86467118412175,40.71274920360362],[-111.86516110470168,40.711535289638206],[-111.86518420695856,40.71026596416975],[-111.86473867798632,40.70904226577733],[-111.86386000424552,40.707961595790145],[-111.86261813986644,40.70710996672213],[-111.86111193465132,40.70655515842724],[-111.85946126644346,40.706341325886996],[-111.85779750387213,40.706485486894486],[-111.85625305707207,40.70697616846037],[-111.85495084575044,40.7077743193682],[-111.8539945204751,40.70881641645605],[-111.85346021379212,40.71001951804935],[-111.85339047725184,40.71128786323058],[-111.85379088783547,40.71252049254517],[-111.85462959592887,40.71361928411689],[-111.8558398533516,40.714496765578865],[-111.85732532245805,40.71508307954453],[-111.85896774497301,40.715331547333705],[-111.85929673193878,40.715338462858575]]]}"
0000000000000000003a,0.40720425167308083,Site 223,"{""type"":""Polygon"",""coordinates"":[[[-111.84719919078078,40.71974851380045],[-111.848857368135,40.71956942450519],[-111.85038352955397,40.7190464148855],[-111.85165617538001,40.71822112392062],[-111.85257399897671,40.71715925452608],[-111.85306395199318,40.715945340556964],[-111.85308705576283,40.71467601508833],[-111.85264149726503,40.7134523166993],[-111.85176276531544,40.71237164671803],[-111.85052081868041,40.71152001765659],[-111.84901451370916,40.7109652093669],[-111.84736373618205,40.710751376828846],[-111.84569986342466,40.71089553783484],[-111.84415531433692,40.71138621939602],[-111.84285301676402,40.712184370297386],[-111.84189662813824,40.71322646737904],[-111.84136228605038,40.71442956896834],[-111.84129254487354,40.71569791414902],[-111.84169298196383,40.716930543466674],[-111.84253174560227,40.71802933504412],[-111.8437420831899,40.7189068165127],[-111.84522765069974,40.719493130483784],[-111.84687018202037,40.7197415982755],[-111.84719919078078,40.71974851380045]]]}"
0000000000000000003b,0.42088568627970013,Site 224,"{""type"":""Polygon"",""coordinates"":[[[-111.84200433805351,40.73401763717146],[-111.84366287098057,40.733838547870235],[-111.84518935965079,40.73331553823448],[-111.84646227834496,40.73249024724846],[-111.84738029870348,40.7314283778343],[-111.84787035672066,40.73021446385322],[-111.84789346538737,40.728945138384],[-111.84744781131191,40.72772144000593],[-111.84656889093397,40.72664077004377],[-111.84532667802719,40.725789141003624],[-111.84382005013416,40.72523433273075],[-111.84216891872825,40.72502050019981],[-111.84050468928613,40.72516466120098],[-111.83895980908163,40.725655342746904],[-111.83765723230374,40.726453493627346],[-111.83670063860552,40.727495590688946],[-111.83616618190798,40.7286986922653],[-111.83609642572215,40.729967037444204],[-111.83649694861742,40.731199666771786],[-111.83733589206136,40.73229845836779],[-111.83854648915181,40.733175939857745],[-111.84003237520454,40.73376225384634],[-111.84167525874136,40.734010721646285],[-111.84200433805351,40.73401763717146]]]}"
0000000000000000003c,0.4662545016172283,Site 225,"{""type"":""Polygon"",""coordinates"":[[[-111.83730444554318,40.74322122174579],[-111.83896320795023,40.7430421324407],[-111.84048990782222,40.74251912279457],[-111.84176300262033,40.74169383179491],[-111.84268114996517,40.7406319623681],[-111.84317127574782,40.7394180483793],[-111.84319438757502,40.73814872290969],[-111.84274867181554,40.73692502453872],[-111.8418696298295,40.735844354588885],[-111.84062724507598,40.73499272556247],[-111.83912040877534,40.734437917300454],[-111.83746904898274,40.73422408477409],[-111.83580458934308,40.73436824577214],[-111.8342594954421,40.734858927308224],[-111.83295673847059,40.73565707817517],[-111.83200001242247,40.736699175223826],[-111.83146548175806,40.737902276791836],[-111.83139571588568,40.73917062196959],[-111.83179629415787,40.74040325130358],[-111.83263535364487,40.741502042911556],[-111.83384611821351,40.742379524415306],[-111.83533220984778,40.74296583841522],[-111.83697532069829,40.74321430622045],[-111.83730444554318,40.74322122174579]]]}"
0000000000000000003d,0.46032521951569416,Site 226,"{""type"":""Polygon"",""coordinates"":[[[-111.8067016350134,40.71035764698188],[-111.80835957849551,40.71017855769056],[-111.80988552467042,40.70965554808143],[-111.811157991022,40.708830257130465],[-111.8120756852019,40.70776838774883],[-111.8125655691559,40.70655447378759],[-111.81258866970457,40.70528514831935],[-111.81214317407138,40.7040614499231],[-111.8112645660574,40.70298077992925],[-111.81002279455818,40.7021291508538],[-111.80851670198335,40.701574342553045],[-111.80686615721412,40.701360510010325],[-111.80520251906016,40.70150467101949],[-111.80365818775893,40.70199535259071],[-111.80235607382848,40.70279350350582],[-111.8013998200857,40.70383560060069],[-111.80086555338042,40.70503870219849],[-111.8007958220755,40.70630704738034],[-111.80119620272897,40.70753967669146],[-111.80203484810333,40.708638468256716],[-111.80324501500732,40.70951594971123],[-111.8047303730009,40.71010226367077],[-111.8063726726572,40.71035073145709],[-111.8067016350134,40.71035764698188]]]}"
0000000000000000003e,0.33678943969049285,Site 227,"{""type"":""Polygon"",""coordinates"":[[[-111.9259023243741,40.79754644987991],[-111.9275624434813,40.79736736055203],[-111.92909039199152,40.79684435084466],[-111.93036452792713,40.79601905976441],[-111.9312834260232,40.794957190262835],[-111.93177395243949,40.79374327622839],[-111.93179708295155,40.79247395075653],[-111.93135100251223,40.791250252427396],[-111.93047124157144,40.79016958255042],[-111.92922784084914,40.789317953605156],[-111.9277197724297,40.78876314540727],[-111.92606706240076,40.78854931290798],[-111.92440124181871,40.78869347388763],[-111.92285488453076,40.78918415536557],[-111.92155106224322,40.789982306152766],[-111.92059355373422,40.79102440312494],[-111.92005858577278,40.79222750464363],[-111.91998876263294,40.79349584981459],[-111.9203896682969,40.79472847918647],[-111.92122941383776,40.795827270865146],[-111.92244116854808,40.79670475245038],[-111.92392847559341,40.797291066517126],[-111.92557293033668,40.797539534353675],[-111.9259023243741,40.79754644987991]]]}"
0000000000000000003f,0.353911514936626,Site 228,"{""type"":""Polygon"",""coordinates"":[[[-111.86199894717717,40.76879862538836],[-111.86365834788359,40.76861953607254],[-111.86518563521406,40.7680965263976],[-111.86645921984585,40.76727123536001],[-111.86737772040364,40.766209365898014],[-111.86786803467615,40.76499545188773],[-111.8678911552942,40.76372612641707],[-111.8674452679604,40.76250242806578],[-111.86656588772102,40.761421758150234],[-111.86532302497517,40.76057012916201],[-111.86381560898809,40.76001532093017],[-111.86216361393718,40.75980148841656],[-111.86049851400223,40.75994564940594],[-111.85895282570378,40.76043633091466],[-111.85764956752308,40.761234481744076],[-111.85669247334329,40.76227657875674],[-111.85615773693966,40.763479680301536],[-111.85608794412414,40.76474802547609],[-111.85648867642743,40.765980654827914],[-111.85732805868858,40.76707944646917],[-111.85853928909845,40.76795692801126],[-111.86002595255849,40.768543242042625],[-111.86166969568275,40.7687917098626],[-111.86199894717717,40.76879862538836]]]}"
00000000000000000040,0.3293132866355829,Site 229,"{""type"":""Polygon"",""coordinates"":[[[-111.88320197268631,40.73411127829359],[-111.88486050794766,40.73393218899231],[-111.88638699876626,40.73340917935644],[-111.88765991925177,40.732583888370286],[-111.888577940902,40.731522018956014],[-111.88906799960849,40.73030810497486],[-111.88909110830737,40.72903877950563],[-111.88864545360445,40.72781508112764],[-111.8877665319895,40.726734411165594],[-111.88652431733468,40.72588278212558],[-111.8850176873217,40.72532797385282],[-111.88336655359262,40.72511414132193],[-111.88170232180892,40.725258302323056],[-111.88015743943069,40.72574898386889],[-111.87885486081984,40.7265471347492],[-111.87789826577534,40.72758923181066],[-111.87736380832543,40.728792333386934],[-111.87729405204105,40.73006067856583],[-111.87769457549962,40.73129330789347],[-111.87853352012395,40.7323920994896],[-111.87974411891801,40.733269580979695],[-111.88123000706193,40.73385589496842],[-111.882872892911,40.734104362768406],[-111.88320197268631,40.73411127829359]]]}"
00000000000000000041,0.1395408270104053,Site 230,"{""type"":""Polygon"",""coordinates"":[[[-111.89809982930588,40.75732981747889],[-111.89975894369971,40.757150728167886],[-111.90128596752257,40.756627718505854],[-111.90255933243685,40.755802427485285],[-111.90347767455908,40.75474055803907],[-111.90396790428348,40.75352664403842],[-111.90399102095836,40.752257318568226],[-111.90354521058514,40.75103362020812],[-111.90266598207108,40.74995295027719],[-111.90142333373123,40.74910132127184],[-111.89991617776558,40.74854651302646],[-111.89826446766314,40.74833268050713],[-111.89659965493605,40.748476841500405],[-111.89505423325774,40.7489675230214],[-111.89375119989708,40.74976567386765],[-111.8927942708447,40.75080777089645],[-111.8922596267265,40.752010872451656],[-111.89218984599648,40.753279217627636],[-111.89259050920829,40.75451184697147],[-111.89342974668739,40.755610638597794],[-111.8946407681417,40.756488120122704],[-111.89612717510626,40.75707443413995],[-111.89777063462076,40.757322901953316],[-111.89809982930588,40.75732981747889]]]}"
00000000000000000042,0.3540866353032871,Site 231,"{""type"":""Polygon"",""coordinates"":[[[-111.9184021164022,40.7568303981609],[-111.92006121833207,40.75665130885011],[-111.9215882306837,40.756128299188646],[-111.92286158603308,40.755303008168816],[-111.92377992125819,40.75424113872329],[-111.92427014730195,40.753027224723056],[-111.92429326380518,40.75175789925289],[-111.92384745678225,40.75053420089238],[-111.92296823487322,40.74945353096079],[-111.92172559586707,40.74860190195469],[-111.92021845122088,40.74804709370873],[-111.91856675352305,40.74783326118914],[-111.9169019532989,40.74797742218259],[-111.91535654322729,40.74846810370412],[-111.91405351965368,40.749266254551095],[-111.91309659778976,40.7503083515806],[-111.91256195768898,40.75151145313627],[-111.91249217748506,40.75277979831231],[-111.91289283768914,40.754012427655795],[-111.9137320688655,40.75511121928147],[-111.91494308122338,40.755988700805624],[-111.91642947702198,40.75657501482227],[-111.91807292419017,40.75682348263533],[-111.9184021164022,40.7568303981609]]]}"
00000000000000000043,0.4277919333330339,Site 232,"{""type"":""Polygon"",""coordinates"":[[[-111.81310490412613,40.7543020878636],[-111.81476394296192,40.75412299855386],[-111.81629089724495,40.75359998889525],[-111.81756420417567,40.75277469787916],[-111.8184825044867,40.751712828437114],[-111.81897271189877,40.750498914439014],[-111.81899582753304,40.749229588968944],[-111.81855003746975,40.74800589060649],[-111.8176708489961,40.74692522067151],[-111.81642825723812,40.74607359166164],[-111.81492116989227,40.74551878341269],[-111.81326953498792,40.74530495089186],[-111.81160479805514,40.745449111886145],[-111.81005944673805,40.745939793410386],[-111.80875647270753,40.74673794426107],[-111.80779958723238,40.747780041294135],[-111.80726496746834,40.7489831428521],[-111.80719518992768,40.75025148802846],[-111.80759583490622,40.751484117370175],[-111.80843503417726,40.752582908992565],[-111.80964600048807,40.75346039051293],[-111.81113233976332,40.754046704526466],[-111.81277572443304,40.75429517233807],[-111.81310490412613,40.7543020878636]]]}"
00000000000000000044,0.38813824483570614,Site 307,"{""type"":""Polygon"",""coordinates"":[[[-111.93530210939478,40.79290006658222],[-111.93696211231956,40.79272097725629],[-111.9384899539014,40.79219796755417],[-111.93976400067815,40.79137267648082],[-111.94068283448287,40.79031080698563],[-111.9411733265905,40.7890968929551],[-111.94119645550249,40.78782756748344],[-111.94075040629289,40.78660386915072],[-111.93987070692052,40.7855231992675],[-111.93862739320173,40.7846715703153],[-111.937119430296,40.784116762111914],[-111.93546683589591,40.78390292961032],[-111.93380113185952,40.78404709059154],[-111.93225488276299,40.78453777207445],[-111.93095115170486,40.78533592286847],[-111.92999371020268,40.7863780198472],[-111.92945877968961,40.7875811213701],[-111.92938896145394,40.78884946654165],[-111.92978983908137,40.79008209591028],[-111.93062952587132,40.79118088758291],[-111.93184119578989,40.79205836916117],[-111.93332839875225,40.79264468322219],[-111.9349727384099,40.79289315105606],[-111.93530210939478,40.79290006658222]]]}"
